<?xml version="1.0" encoding="UTF-8"?>
<configuration>

    <springProperty scope="context" name="appName" source="spring.application.name"/>

    <appender name="STDOUT" class="ch.qos.logback.core.ConsoleAppender">
    <encoder>
        <pattern>
            %d{dd-MM-yyyy HH:mm:ss.SSS} %magenta([%thread]) %highlight(%-5level) %green([${appName} %X{X-B3-TraceId:-}]) %logger{36}.%M - %msg%n
        </pattern>
    </encoder>
</appender>

<root level="info">
    <appender-ref ref="STDOUT"/>
</root>

</configuration>